USE equipo_3;

/* dispositivos detalle. */
--1 
INSERT INTO  equipo_3.dispositivoDetalle ( nombre , descripcion , hsMensualMinimo , hsMensualMaximo ,  consumoKwHora , bajoConsumo , esencial , inteligente) 
VALUES ("Aire Acondicionado" , "De 3500 frigorias"  , 90.0  , 360.0 , 1.613 , false, false , true) ;
--2
INSERT INTO  equipo_3.dispositivoDetalle ( nombre , descripcion , hsMensualMinimo , hsMensualMaximo ,  consumoKwHora , bajoConsumo , esencial , inteligente)  
VALUES ("Aire Acondicionado" , "De 2200 frigorias"  , 90.0  , 360.0 , 1.013 , true, false , true) ;
--3
INSERT INTO  equipo_3.dispositivoDetalle ( nombre , descripcion , hsMensualMinimo , hsMensualMaximo ,  consumoKwHora , bajoConsumo , esencial , inteligente)  
VALUES ("Televisor" , "Color de tubo fluorescente de 21"  , 90.0  , 360.0 , 0.075 , false ,false , false) ;
--4 
INSERT INTO  equipo_3.dispositivoDetalle ( nombre , descripcion , hsMensualMinimo , hsMensualMaximo ,  consumoKwHora , bajoConsumo , esencial , inteligente)  
VALUES ("Televisor" , "Color de tubo fluorescente de 29 a 34"  , 90.0  , 360.0 , 0.175 , false ,false , false) ;
--5 
INSERT INTO  equipo_3.dispositivoDetalle ( nombre , descripcion , hsMensualMinimo , hsMensualMaximo ,  consumoKwHora , bajoConsumo , esencial , inteligente)  
VALUES ("Televisor" , "LCD de 40"  , 90.0  , 360.0 , 0.18 , false ,false , false) ;
--6
INSERT INTO  equipo_3.dispositivoDetalle ( nombre , descripcion , hsMensualMinimo , hsMensualMaximo ,  consumoKwHora , bajoConsumo , esencial , inteligente)  
VALUES ("Televisor" , "LED 24"  , 90.0  , 360.0 , 0.04 , true , false , true) ;
--7
INSERT INTO  equipo_3.dispositivoDetalle ( nombre , descripcion , hsMensualMinimo , hsMensualMaximo ,  consumoKwHora , bajoConsumo , esencial , inteligente)  
VALUES ("Televisor" , "LED 32"  , 90.0  , 360.0 , 0.055 ,  true ,false , true) ; 
--8
INSERT INTO  equipo_3.dispositivoDetalle ( nombre , descripcion , hsMensualMinimo , hsMensualMaximo ,  consumoKwHora , bajoConsumo , esencial , inteligente)  
VALUES ("Televisor" , "LED 40"  , 90.0  , 360.0 , 0.08 ,  true ,true , true) ;
--9
INSERT INTO  equipo_3.dispositivoDetalle ( nombre , descripcion , hsMensualMinimo , hsMensualMaximo ,  consumoKwHora , bajoConsumo , esencial , inteligente)  
VALUES ("Heladera" , "Con freezer"  , 0  , 0 , 0.09 ,  true ,true , true) ;
--10
INSERT INTO  equipo_3.dispositivoDetalle ( nombre , descripcion , hsMensualMinimo , hsMensualMaximo ,  consumoKwHora , bajoConsumo , esencial , inteligente)  
VALUES ("Heladera" , "Sin freezer"  ,0  ,0 , 0.075 ,  true ,true , true) ;
--11
INSERT INTO  equipo_3.dispositivoDetalle ( nombre , descripcion , hsMensualMinimo , hsMensualMaximo ,  consumoKwHora , bajoConsumo , esencial , inteligente)  
VALUES ("Lavarropas" , "Automatico de 5 kg con calentamiento de agua"  , 6.0  , 30.0 , 0.875 ,  false ,false , true) ;
--12
INSERT INTO  equipo_3.dispositivoDetalle ( nombre , descripcion , hsMensualMinimo , hsMensualMaximo ,  consumoKwHora , bajoConsumo , esencial , inteligente)  
VALUES ("Lavarropas" , "Automatico de 5 kg"  , 6.0  , 30.0 , 0.175 ,  true ,false , true) ;
--13
INSERT INTO  equipo_3.dispositivoDetalle ( nombre , descripcion , hsMensualMinimo , hsMensualMaximo ,  consumoKwHora , bajoConsumo , esencial , inteligente)  
VALUES ("Lavarropas" , "Semi-automatico de 5 kg"  , 6.0  , 30.0 , 0.1275 ,  true ,false , false) ;
--14
INSERT INTO  equipo_3.dispositivoDetalle ( nombre , descripcion , hsMensualMinimo , hsMensualMaximo ,  consumoKwHora , bajoConsumo , esencial , inteligente)  
VALUES ("Ventilador" , "De pie"  , 120.0  , 360.0 , 0.09 , true , false , false) ;
--15
INSERT INTO  equipo_3.dispositivoDetalle ( nombre , descripcion , hsMensualMinimo , hsMensualMaximo ,  consumoKwHora , bajoConsumo , esencial , inteligente)  
VALUES ("Ventilador" , "De techo"  , 120.0  , 360.0 , 0.06 , true , false , true) ;
--16
INSERT INTO  equipo_3.dispositivoDetalle ( nombre , descripcion , hsMensualMinimo , hsMensualMaximo ,  consumoKwHora , bajoConsumo , esencial , inteligente)  
VALUES ("Lampara" , "Halogenas de 40 W"  , 90.0  , 360.0 , 0.04 , false , false , true) ;
--17
INSERT INTO  equipo_3.dispositivoDetalle ( nombre , descripcion , hsMensualMinimo , hsMensualMaximo ,  consumoKwHora , bajoConsumo , esencial , inteligente)  
VALUES ("Lampara" , "Halogenas de 60 W"  , 90.0  , 360.0 , 0.06 , false , false , true) ;
--18
INSERT INTO  equipo_3.dispositivoDetalle ( nombre , descripcion , hsMensualMinimo , hsMensualMaximo ,  consumoKwHora , bajoConsumo , esencial , inteligente)  
VALUES ("Lampara" , "Halogenas de 100 W"  , 90.0  , 360.0 , 0.015 , false , false , true) ;
--19
INSERT INTO  equipo_3.dispositivoDetalle ( nombre , descripcion , hsMensualMinimo , hsMensualMaximo ,  consumoKwHora , bajoConsumo , esencial , inteligente)  
VALUES ("Lampara" , "De 11 W"  , 90.0  , 360.0 , 0.011 , true , false , true) ;
--20
INSERT INTO  equipo_3.dispositivoDetalle ( nombre , descripcion , hsMensualMinimo , hsMensualMaximo ,  consumoKwHora , bajoConsumo , esencial , inteligente)  
VALUES ("Lampara" , "De 15 W"  , 90.0  , 360.0 , 0.015 , true , false , true) ;
--21
INSERT INTO  equipo_3.dispositivoDetalle ( nombre , descripcion , hsMensualMinimo , hsMensualMaximo ,  consumoKwHora , bajoConsumo , esencial , inteligente)  
VALUES ("Lampara" , "De 20 W"  , 90.0  , 360.0 , 0.02 , true , false , true) ;
--22
INSERT INTO  equipo_3.dispositivoDetalle ( nombre , descripcion , hsMensualMinimo , hsMensualMaximo ,  consumoKwHora , bajoConsumo , esencial , inteligente)  
VALUES ("PC" , "De escritorio"  , 90.0  , 360.0 , 0.4 , true , false , true) ;
--23
INSERT INTO  equipo_3.dispositivoDetalle ( nombre , descripcion , hsMensualMinimo , hsMensualMaximo ,  consumoKwHora , bajoConsumo , esencial , inteligente)  
VALUES ("Microondas" , "Convencional"  , 3.0  , 15.0 , 0.64 , true , false , false) ;
--24
INSERT INTO  equipo_3.dispositivoDetalle ( nombre , descripcion , hsMensualMinimo , hsMensualMaximo ,  consumoKwHora , bajoConsumo , esencial , inteligente)  
VALUES ("Plancha" , "A vapor"  , .0  , 30.0 , 0.75 , true , false , false) ;

-- CATEGORIAS





-- COOORDENAADASSS DE CLIENTES


--usuarios
--1
insert into ubicable (id) values (null);
--2
insert into ubicable (id) values (null);
--3
insert into ubicable (id) values (null);

--trafos
--4
insert into ubicable (id) values (null);
--5
insert into ubicable (id) values (null);
--6
insert into ubicable (id) values (null);
--7
insert into ubicable (id) values (null);

--zonas
--8
insert into ubicable (id) values (null);
insert into ubicable (id) values (null);
insert into ubicable (id) values (null);
insert into ubicable (id) values (null);
insert into ubicable (id) values (null);
insert into ubicable (id) values (null);
insert into ubicable (id) values (null);
insert into ubicable (id) values (null);
insert into ubicable (id) values (null);
insert into ubicable (id) values (null);
insert into ubicable (id) values (null);
insert into ubicable (id) values (null);
insert into ubicable (id) values (null);
insert into ubicable (id) values (null);
insert into ubicable (id) values (null);
insert into ubicable (id) values (null);
insert into ubicable (id) values (null);
insert into ubicable (id) values (null);
insert into ubicable (id) values (null);
insert into ubicable (id) values (null);
insert into ubicable (id) values (null);
insert into ubicable (id) values (null);
insert into ubicable (id) values (null);
insert into ubicable (id) values (null);
insert into ubicable (id) values (null);
insert into ubicable (id) values (null);
insert into ubicable (id) values (null);
insert into ubicable (id) values (null);
insert into ubicable (id) values (null);
insert into ubicable (id) values (null);
insert into ubicable (id) values (null);
insert into ubicable (id) values (null);
insert into ubicable (id) values (null);
insert into ubicable (id) values (null);
insert into ubicable (id) values (null);
insert into ubicable (id) values (null);
insert into ubicable (id) values (null);
insert into ubicable (id) values (null);
insert into ubicable (id) values (null);
insert into ubicable (id) values (null);
insert into ubicable (id) values (null);
insert into ubicable (id) values (null);
insert into ubicable (id) values (null);
insert into ubicable (id) values (null);
insert into ubicable (id) values (null);
insert into ubicable (id) values (null);
insert into ubicable (id) values (null);
insert into ubicable (id) values (null);
--55 
--maaaaaaas trafos

--56
insert into ubicable (id) values (null);
insert into ubicable (id) values (null);
insert into ubicable (id) values (null);
insert into ubicable (id) values (null);
insert into ubicable (id) values (null);
insert into ubicable (id) values (null);
insert into ubicable (id) values (null);
insert into ubicable (id) values (null);
insert into ubicable (id) values (null);
insert into ubicable (id) values (null);
insert into ubicable (id) values (null);
insert into ubicable (id) values (null);
insert into ubicable (id) values (null);
insert into ubicable (id) values (null);
insert into ubicable (id) values (null);
insert into ubicable (id) values (null);
insert into ubicable (id) values (null);
insert into ubicable (id) values (null);
insert into ubicable (id) values (null);
insert into ubicable (id) values (null);
insert into ubicable (id) values (null);
insert into ubicable (id) values (null);
insert into ubicable (id) values (null);
insert into ubicable (id) values (null);
insert into ubicable (id) values (null);
insert into ubicable (id) values (null);
insert into ubicable (id) values (null);
insert into ubicable (id) values (null);
insert into ubicable (id) values (null);
insert into ubicable (id) values (null);
insert into ubicable (id) values (null);
insert into ubicable (id) values (null);
insert into ubicable (id) values (null);
insert into ubicable (id) values (null);
insert into ubicable (id) values (null);
insert into ubicable (id) values (null);
insert into ubicable (id) values (null);
insert into ubicable (id) values (null);
insert into ubicable (id) values (null);
insert into ubicable (id) values (null);
insert into ubicable (id) values (null);
insert into ubicable (id) values (null);
insert into ubicable (id) values (null);
insert into ubicable (id) values (null);
insert into ubicable (id) values (null);
insert into ubicable (id) values (null);
insert into ubicable (id) values (null);
insert into ubicable (id) values (null);
--103


--usuarios
--1
insert into coordenada (latitud, longitud, ubicable_id) values (-34.592516, -58.392800, 1);
--2
insert into coordenada (latitud, longitud, ubicable_id) values (-34.612528, -58.377142, 2);
--3
insert into coordenada (latitud, longitud, ubicable_id) values (-34.609544, -58.418440, 3);

--trafos
--4
insert into coordenada (latitud, longitud, ubicable_id) values (-34.5915908,-58.4003392	, 4);
--5
insert into coordenada (latitud, longitud, ubicable_id) values (-34.5905518,-58.3950094, 5);
--6
insert into coordenada (latitud, longitud, ubicable_id) values (-34.6117183,-58.3785185, 6);
--7
insert into coordenada (latitud, longitud, ubicable_id) values (-34.6080176,-58.4204898, 7);

--zonas y sus trafos
insert into coordenada (latitud, longitud, orden, ubicable_id) values (-58.4528200492791, -34.5959886570639, 1, 8);
insert into coordenada (latitud, longitud, orden, ubicable_id) values (-58.453655193137, -34.5965557163041, 2,8);
insert into coordenada (latitud, longitud, orden, ubicable_id) values (-58.4537674321647, -34.5966342484152, 3, 8);
insert into coordenada (latitud, longitud, orden, ubicable_id) values (-58.4538163134148, -34.5966684788922, 4, 8);
insert into coordenada (latitud, longitud, orden, ubicable_id) values (-58.4547947928051, -34.5973527273644, 5, 8);
insert into coordenada (latitud, longitud, orden, ubicable_id) values (-58.4554840815948, -34.5978347610252, 6, 8);
insert into coordenada (latitud, longitud, orden, ubicable_id) values (-58.4559204833296, -34.59769534, 7, 8);

insert into coordenada (latitud, longitud, ubicable_id) values (-58.4559204833296, -34.59769534, 56);



insert into coordenada (latitud, longitud, orden, ubicable_id) values (-58.4655768128541, -34.5965577078058, 8, 9);
insert into coordenada (latitud, longitud, orden, ubicable_id) values (-58.4656201094845, -34.5967043067336, 9, 9);
insert into coordenada (latitud, longitud, orden, ubicable_id) values (-58.4655402165487, -34.5966463016308, 10, 9);
insert into coordenada (latitud, longitud, orden, ubicable_id) values (-58.4654505835153, -34.59661891152, 11, 9);
insert into coordenada (latitud, longitud, orden, ubicable_id) values (-58.465339885911, -34.5966119403979, 12, 9);
insert into coordenada (latitud, longitud, orden, ubicable_id) values (-58.4652710724273, -34.5966020115654, 13, 9);
insert into coordenada (latitud, longitud, orden, ubicable_id) values (-58.4651613793847, -34.5965761676, 14, 9);

insert into coordenada (latitud, longitud, orden, ubicable_id) values (-58.4651613793847, -34.5965761676, 14, 57);



insert into coordenada (latitud, longitud, orden, ubicable_id) values (-58.4237529813037, -34.5978273383243, 15, 10);
insert into coordenada (latitud, longitud, orden, ubicable_id) values (-58.4249540814512, -34.5978518131509, 16, 10);
insert into coordenada (latitud, longitud, orden, ubicable_id) values (-58.4263027567354, -34.5978820110739, 17, 10);
insert into coordenada (latitud, longitud, orden, ubicable_id) values (-58.4264393571481, -34.5978996596333, 18, 10);
insert into coordenada (latitud, longitud, orden, ubicable_id) values (-58.4265647997241, -34.5979158245663, 19, 10);
insert into coordenada (latitud, longitud, orden, ubicable_id) values (-58.4267851958388, -34.5979442688696, 20, 10);
insert into coordenada (latitud, longitud, orden, ubicable_id) values (-58.4277732175759, -34.5983289, 21, 10);

insert into coordenada (latitud, longitud, orden, ubicable_id) values (-58.4277732175759, -34.5983289, 21, 58);


insert into coordenada (latitud, longitud, orden, ubicable_id) values (-58.4946097568899, -34.6148652395239, 22, 11);
insert into coordenada (latitud, longitud, orden, ubicable_id) values (-58.4947856335725, -34.6150160431958, 23, 11);
insert into coordenada (latitud, longitud, orden, ubicable_id) values (-58.4955729951466, -34.6143910936437, 24, 11);
insert into coordenada (latitud, longitud, orden, ubicable_id) values (-58.4964396721751, -34.6134023702911, 25, 11);
insert into coordenada (latitud, longitud, orden, ubicable_id) values (-58.496560403693, -34.6132638809152, 26, 11);
insert into coordenada (latitud, longitud, orden, ubicable_id) values (-58.4974040681281, -34.6122963552105, 27, 11);
insert into coordenada (latitud, longitud, orden, ubicable_id) values (-58.4975330554217, -34.61214969, 28, 11);

insert into coordenada (latitud, longitud, orden, ubicable_id) values (-58.4975330554217, -34.61214969, 28, 59);



insert into coordenada (latitud, longitud, orden, ubicable_id) values (-58.4128700313089, -34.6141162515854, 29, 12);
insert into coordenada (latitud, longitud, orden, ubicable_id) values (-58.4128163384983, -34.6154434604642, 30, 12);
insert into coordenada (latitud, longitud, orden, ubicable_id) values (-58.4127540403586, -34.6166296036017, 31, 12);
insert into coordenada (latitud, longitud, orden, ubicable_id) values (-58.4126875829795, -34.6180699094527, 32, 12);
insert into coordenada (latitud, longitud, orden, ubicable_id) values (-58.4126822628094, -34.618277379144, 33, 12);
insert into coordenada (latitud, longitud, orden, ubicable_id) values (-58.412642065306, -34.6193945849918, 34, 12);
insert into coordenada (latitud, longitud, orden, ubicable_id) values (-58.412635307155, -34.6195831102, 35, 12);

insert into coordenada (latitud, longitud, orden, ubicable_id) values (-58.412635307155, -34.6195831102, 35, 60);



insert into coordenada (latitud, longitud, orden, ubicable_id) values (-58.4306058283309, -34.6070470885963, 36, 13);
insert into coordenada (latitud, longitud, orden, ubicable_id) values (-58.4305599020217, -34.6077536518876, 37, 13);
insert into coordenada (latitud, longitud, orden, ubicable_id) values (-58.4305494460249, -34.6079188671904, 38, 13);
insert into coordenada (latitud, longitud, orden, ubicable_id) values (-58.430512846566, -34.6085137378833, 39, 13);
insert into coordenada (latitud, longitud, orden, ubicable_id) values (-58.4304739241313, -34.6087252851569, 40, 13);
insert into coordenada (latitud, longitud, orden, ubicable_id) values (-58.4304139280028, -34.6094654376025, 41, 13);
insert into coordenada (latitud, longitud, orden, ubicable_id) values (-58.4303706394215, -34.61017193, 42, 13);

insert into coordenada (latitud, longitud, orden, ubicable_id) values (-58.4303706394215, -34.61017193, 42, 61);



insert into coordenada (latitud, longitud, orden, ubicable_id) values (-58.4819203599833, -34.6242871724757, 43, 14);
insert into coordenada (latitud, longitud, orden, ubicable_id) values (-58.4827426404615, -34.6246298692564, 44, 14);
insert into coordenada (latitud, longitud, orden, ubicable_id) values (-58.4833907036583, -34.6241108718058, 45, 14);
insert into coordenada (latitud, longitud, orden, ubicable_id) values (-58.4840382529179, -34.6235922901288, 46, 14);
insert into coordenada (latitud, longitud, orden, ubicable_id) values (-58.4849704838864, -34.6228456891718, 47, 14);
insert into coordenada (latitud, longitud, orden, ubicable_id) values (-58.4851125524808, -34.6227323494872, 48, 14);
insert into coordenada (latitud, longitud, orden, ubicable_id) values (-58.4861843614612, -34.6218774, 49, 14);

insert into coordenada (latitud, longitud, orden, ubicable_id) values (-58.4861843614612, -34.6218774, 49, 62);



insert into coordenada (latitud, longitud, orden, ubicable_id) values (-58.5034920611534, -34.6240324216321, 50, 15);
insert into coordenada (latitud, longitud, orden, ubicable_id) values (-58.5046699001269, -34.6251420598259, 51, 15);
insert into coordenada (latitud, longitud, orden, ubicable_id) values (-58.5047621234797, -34.6252287915837, 52, 15);
insert into coordenada (latitud, longitud, orden, ubicable_id) values (-58.5058695033352, -34.6262692144259, 53, 15);
insert into coordenada (latitud, longitud, orden, ubicable_id) values (-58.5059625822458, -34.6263565083556, 54, 15);
insert into coordenada (latitud, longitud, orden, ubicable_id) values (-58.5071780734653, -34.627496391459, 55, 15);
insert into coordenada (latitud, longitud, orden, ubicable_id) values (-58.5072937377628, -34.62759438, 56, 15);

insert into coordenada (latitud, longitud, orden, ubicable_id) values (-58.5072937377628, -34.62759438, 56, 63);



insert into coordenada (latitud, longitud, orden, ubicable_id) values (-58.525116079791, -34.613999981063, 57, 16);
insert into coordenada (latitud, longitud, orden, ubicable_id) values (-58.5251141563364, -34.6140013035591, 58, 16);
insert into coordenada (latitud, longitud, orden, ubicable_id) values (-58.525081630405, -34.6139778565933, 59, 16);
insert into coordenada (latitud, longitud, orden, ubicable_id) values (-58.5250604621045, -34.6139625970089, 60, 16);
insert into coordenada (latitud, longitud, orden, ubicable_id) values (-58.5242703537181, -34.6145997823512, 61, 16);
insert into coordenada (latitud, longitud, orden, ubicable_id) values (-58.5241211163542, -34.6147200728028, 62, 16);
insert into coordenada (latitud, longitud, orden, ubicable_id) values (-58.5231198470571, -34.6155085589, 63, 16);

insert into coordenada (latitud, longitud, orden, ubicable_id) values (-58.5231198470571, -34.6155085589, 63, 64);



insert into coordenada (latitud, longitud, orden, ubicable_id) values (-58.4452515823782, -34.6420397134706, 64, 17);
insert into coordenada (latitud, longitud, orden, ubicable_id) values (-58.4442440448718, -34.6428068428585, 65, 17);
insert into coordenada (latitud, longitud, orden, ubicable_id) values (-58.4435973594097, -34.6422270031865, 66, 17);
insert into coordenada (latitud, longitud, orden, ubicable_id) values (-58.4433123606086, -34.6419714603819, 67, 17);
insert into coordenada (latitud, longitud, orden, ubicable_id) values (-58.4430779901734, -34.6417777546089, 68, 17);
insert into coordenada (latitud, longitud, orden, ubicable_id) values (-58.4429519985948, -34.6419911214911, 69, 17);
insert into coordenada (latitud, longitud, orden, ubicable_id) values (-58.4424394616308, -34.6426558, 70, 17);

insert into coordenada (latitud, longitud, orden, ubicable_id) values (-58.4424394616308, -34.6426558, 70, 65);



insert into coordenada (latitud, longitud, orden, ubicable_id) values (-58.4833907036583, -34.6241108718058, 71, 18);
insert into coordenada (latitud, longitud, orden, ubicable_id) values (-58.4827426404615, -34.6246298692564, 72, 18);
insert into coordenada (latitud, longitud, orden, ubicable_id) values (-58.4819203599833, -34.6242871724757, 73, 18);
insert into coordenada (latitud, longitud, orden, ubicable_id) values (-58.4818862891898, -34.6242725195331, 74, 18);
insert into coordenada (latitud, longitud, orden, ubicable_id) values (-58.4818862532007, -34.6242725042143, 75, 18);
insert into coordenada (latitud, longitud, orden, ubicable_id) values (-58.4818223801745, -34.6242450356663, 76, 18);
insert into coordenada (latitud, longitud, orden, ubicable_id) values (-58.4817872755475, -34.6242299, 77, 18);

insert into coordenada (latitud, longitud, orden, ubicable_id) values (-58.4817872755475, -34.6242299, 77, 66);



insert into coordenada (latitud, longitud, orden, ubicable_id) values (-58.3786300781753, -34.6305149902026, 78, 19);
insert into coordenada (latitud, longitud, orden, ubicable_id) values (-58.3791193849698, -34.6313991946425, 79, 19);
insert into coordenada (latitud, longitud, orden, ubicable_id) values (-58.3794708415107, -34.6320342852931, 80, 19);
insert into coordenada (latitud, longitud, orden, ubicable_id) values (-58.3795256691799, -34.6321608052526, 81, 19);
insert into coordenada (latitud, longitud, orden, ubicable_id) values (-58.3795100267031, -34.6322114301554, 82, 19);
insert into coordenada (latitud, longitud, orden, ubicable_id) values (-58.3795775968314, -34.632292042236, 83, 19);
insert into coordenada (latitud, longitud, orden, ubicable_id) values (-58.3796357190522, -34.63236208, 84, 19);

insert into coordenada (latitud, longitud, orden, ubicable_id) values (-58.3796357190522, -34.63236208, 84, 67);


insert into coordenada (latitud, longitud, orden, ubicable_id) values (-58.3915536991875, -34.6215599589853, 85, 20);
insert into coordenada (latitud, longitud, orden, ubicable_id) values (-58.3914884621543, -34.6227338349239, 86, 20);
insert into coordenada (latitud, longitud, orden, ubicable_id) values (-58.3914573732847, -34.6234255299507, 87, 20);
insert into coordenada (latitud, longitud, orden, ubicable_id) values (-58.3914514205948, -34.623554234878, 88, 20);
insert into coordenada (latitud, longitud, orden, ubicable_id) values (-58.3914440613833, -34.6237133283011, 89, 20);
insert into coordenada (latitud, longitud, orden, ubicable_id) values (-58.3914313337759, -34.6239884924057, 90, 20);
insert into coordenada (latitud, longitud, orden, ubicable_id) values (-58.3914031361925, -34.62428587, 91, 20);

insert into coordenada (latitud, longitud, orden, ubicable_id) values (-58.3914031361925, -34.62428587, 91, 68);


insert into coordenada (latitud, longitud, orden, ubicable_id) values (-58.4125438594995, -34.6206423349386, 92,21);
insert into coordenada (latitud, longitud, orden, ubicable_id) values (-58.4124367949405, -34.6218833904145, 93, 21);
insert into coordenada (latitud, longitud, orden, ubicable_id) values (-58.4123563839458, -34.6218685673352, 94, 21);
insert into coordenada (latitud, longitud, orden, ubicable_id) values (-58.4120418689701, -34.6229748135856, 95, 21);
insert into coordenada (latitud, longitud, orden, ubicable_id) values (-58.4123334453278, -34.6230328941782, 96, 21);
insert into coordenada (latitud, longitud, orden, ubicable_id) values (-58.412219729458, -34.6239925980001, 97, 21);
insert into coordenada (latitud, longitud, orden, ubicable_id) values (-58.4121266481758, -34.62477815, 98, 21);

insert into coordenada (latitud, longitud, orden, ubicable_id) values (-58.4121266481758, -34.62477815, 98, 69);


insert into coordenada (latitud, longitud, orden, ubicable_id) values (-58.4855735176658, -34.6314024168004, 99, 22);
insert into coordenada (latitud, longitud, orden, ubicable_id) values (-58.4847314900197, -34.6320728046981, 100, 22);
insert into coordenada (latitud, longitud, orden, ubicable_id) values (-58.4837158700788, -34.6328835111699, 101, 22);
insert into coordenada (latitud, longitud, orden, ubicable_id) values (-58.48357157417, -34.6329937656041, 102, 22);
insert into coordenada (latitud, longitud, orden, ubicable_id) values (-58.4833831086679, -34.6331461750036, 103, 22);
insert into coordenada (latitud, longitud, orden, ubicable_id) values (-58.4831091573853, -34.6333818435436, 104, 22);
insert into coordenada (latitud, longitud, orden, ubicable_id) values (-58.4823802976343, -34.633942423, 105, 22);

insert into coordenada (latitud, longitud, orden, ubicable_id) values (-58.4823802976343, -34.633942423, 105, 70);


insert into coordenada (latitud, longitud, orden, ubicable_id) values (-58.5015376247954, -34.6318345193872, 106, 23);
insert into coordenada (latitud, longitud, orden, ubicable_id) values (-58.5010420985705, -34.6322077868481, 107, 23);
insert into coordenada (latitud, longitud, orden, ubicable_id) values (-58.5005526952979, -34.6320035665458, 108, 23);
insert into coordenada (latitud, longitud, orden, ubicable_id) values (-58.5005488514321, -34.6320020506181, 109, 23);
insert into coordenada (latitud, longitud, orden, ubicable_id) values (-58.4999773167952, -34.6317765533735, 110, 23);
insert into coordenada (latitud, longitud, orden, ubicable_id) values (-58.4997058881329, -34.6319506893273, 111, 23);
insert into coordenada (latitud, longitud, orden, ubicable_id) values (-58.4989855796206, -34.6325566, 112, 23);

insert into coordenada (latitud, longitud, orden, ubicable_id) values (-58.4989855796206, -34.6325566, 112, 71);



insert into coordenada (latitud, longitud, orden, ubicable_id) values (-58.4103697298525, -34.648302987509, 113, 24);
insert into coordenada (latitud, longitud, orden, ubicable_id) values (-58.4121005396964, -34.648582880896, 114, 24);
insert into coordenada (latitud, longitud, orden, ubicable_id) values (-58.4122089488942, -34.6481348798167, 115, 24);
insert into coordenada (latitud, longitud, orden, ubicable_id) values (-58.4122409726728, -34.6480025379601, 116, 24);
insert into coordenada (latitud, longitud, orden, ubicable_id) values (-58.4122842008128, -34.6478233954732, 117, 24);
insert into coordenada (latitud, longitud, orden, ubicable_id) values (-58.4125559531197, -34.646698543457, 118, 24);
insert into coordenada (latitud, longitud, orden, ubicable_id) values (-58.4128049759678, -34.6456676984, 119, 24);

insert into coordenada (latitud, longitud, orden, ubicable_id) values (-58.4128049759678, -34.6456676984, 119, 72);


insert into coordenada (latitud, longitud, orden, ubicable_id) values (-58.5025197162337, -34.6745050265102, 120, 25);
insert into coordenada (latitud, longitud, orden, ubicable_id) values (-58.5025259133722, -34.6745085923533, 121, 25);
insert into coordenada (latitud, longitud, orden, ubicable_id) values (-58.502616027539, -34.6744403280888, 122, 25);
insert into coordenada (latitud, longitud, orden, ubicable_id) values (-58.5082751557482, -34.6701530106488, 123, 25);
insert into coordenada (latitud, longitud, orden, ubicable_id) values (-58.5087443535445, -34.6697975175683, 124, 25);
insert into coordenada (latitud, longitud, orden, ubicable_id) values (-58.5089234685336, -34.6696618076182, 125, 25);
insert into coordenada (latitud, longitud, orden, ubicable_id) values (-58.5119878187484, -34.66733993, 126, 25);

insert into coordenada (latitud, longitud, orden, ubicable_id) values (-58.5119878187484, -34.66733993, 126, 73);



insert into coordenada (latitud, longitud, orden, ubicable_id) values (-58.4657134919338, -34.659025022031, 127, 26);
insert into coordenada (latitud, longitud, orden, ubicable_id) values (-58.4651936469603, -34.6594252210018, 128, 26);
insert into coordenada (latitud, longitud, orden, ubicable_id) values (-58.4649825977792, -34.6595941115399, 129, 26);
insert into coordenada (latitud, longitud, orden, ubicable_id) values (-58.4648623510881, -34.6596934752172, 130, 26);
insert into coordenada (latitud, longitud, orden, ubicable_id) values (-58.4648004287193, -34.6597446435067, 131, 26);
insert into coordenada (latitud, longitud, orden, ubicable_id) values (-58.4644558037206, -34.6600283762593, 132, 26);
insert into coordenada (latitud, longitud, orden, ubicable_id) values (-58.4644302838092, -34.66004938, 133, 26);

insert into coordenada (latitud, longitud, orden, ubicable_id) values (-58.4644302838092, -34.66004938, 133, 74);



insert into coordenada (latitud, longitud, orden, ubicable_id) values (-58.3667344665838, -34.6156251471493, 134, 27);
insert into coordenada (latitud, longitud, orden, ubicable_id) values (-58.3665922125653, -34.6168790231657, 135, 27);
insert into coordenada (latitud, longitud, orden, ubicable_id) values (-58.366451415885, -34.618120152643, 136, 27);
insert into coordenada (latitud, longitud, orden, ubicable_id) values (-58.3663238692149, -34.6192449505585, 137, 27);
insert into coordenada (latitud, longitud, orden, ubicable_id) values (-58.3661902948305, -34.6204222098473, 138, 27);
insert into coordenada (latitud, longitud, orden, ubicable_id) values (-58.3660670445222, -34.621508839012, 139, 27);
insert into coordenada (latitud, longitud, orden, ubicable_id) values (-58.3659664964511, -34.6223951698, 140, 27);

insert into coordenada (latitud, longitud, orden, ubicable_id) values (-58.3659664964511, -34.6223951698, 140, 75);



insert into coordenada (latitud, longitud, orden, ubicable_id) values (-58.4881310699952, -34.5612869279226, 141, 28);
insert into coordenada (latitud, longitud, orden, ubicable_id) values (-58.4882744115755, -34.561356145466, 142, 28);
insert into coordenada (latitud, longitud, orden, ubicable_id) values (-58.4882921569634, -34.5613647145245, 143, 28);
insert into coordenada (latitud, longitud, orden, ubicable_id) values (-58.4883095993185, -34.5613729122471, 144, 28);
insert into coordenada (latitud, longitud, orden, ubicable_id) values (-58.4890864420186, -34.5617380129161, 145, 28);
insert into coordenada (latitud, longitud, orden, ubicable_id) values (-58.4892768200437, -34.5618274827655, 146, 28);
insert into coordenada (latitud, longitud, orden, ubicable_id) values (-58.4900433596499, -34.56219563, 147, 28);

insert into coordenada (latitud, longitud, orden, ubicable_id) values (-58.4900433596499, -34.56219563, 147, 76);



insert into coordenada (latitud, longitud, orden, ubicable_id) values (-58.4724205132861, -34.5660977127668, 148, 29);
insert into coordenada (latitud, longitud, orden, ubicable_id) values (-58.4729574631164, -34.5664170798026, 149, 29);
insert into coordenada (latitud, longitud, orden, ubicable_id) values (-58.4729884743343, -34.5664355244244, 150, 29);
insert into coordenada (latitud, longitud, orden, ubicable_id) values (-58.4735333690931, -34.5665516504903, 151, 29);
insert into coordenada (latitud, longitud, orden, ubicable_id) values (-58.4736072974045, -34.5665661112455, 152, 29);
insert into coordenada (latitud, longitud, orden, ubicable_id) values (-58.4745944778956, -34.5668106521891, 153, 29);
insert into coordenada (latitud, longitud, orden, ubicable_id) values (-58.4746626186112, -34.5667379, 154, 29);

insert into coordenada (latitud, longitud, orden, ubicable_id) values (-58.4746626186112, -34.5667379, 154, 77);


insert into coordenada (latitud, longitud, orden, ubicable_id) values (-58.4809767085347, -34.5626425900864, 155, 30);
insert into coordenada (latitud, longitud, orden, ubicable_id) values (-58.4802254644382, -34.5632357469731, 156, 30);
insert into coordenada (latitud, longitud, orden, ubicable_id) values (-58.4803743930621, -34.5633162753288, 157, 30);
insert into coordenada (latitud, longitud, orden, ubicable_id) values (-58.4800681316249, -34.5635072433535, 158, 30);
insert into coordenada (latitud, longitud, orden, ubicable_id) values (-58.4799101484113, -34.5636045229942, 159, 30);
insert into coordenada (latitud, longitud, orden, ubicable_id) values (-58.4797216013808, -34.563695961703, 160, 30);
insert into coordenada (latitud, longitud, orden, ubicable_id) values (-58.4795414780967, -34.56377035, 161, 30);

insert into coordenada (latitud, longitud, orden, ubicable_id) values (-58.4795414780967, -34.56377035, 161, 78);


insert into coordenada (latitud, longitud, orden, ubicable_id) values (-58.4466910921417, -34.569065630363, 162, 31);
insert into coordenada (latitud, longitud, orden, ubicable_id) values (-58.4464968769103, -34.5691609607641, 163, 31);
insert into coordenada (latitud, longitud, orden, ubicable_id) values (-58.4457049397791, -34.5695498141675, 164, 31);
insert into coordenada (latitud, longitud, orden, ubicable_id) values (-58.4448856633692, -34.569952108918, 165, 31);
insert into coordenada (latitud, longitud, orden, ubicable_id) values (-58.4441105717642, -34.5703327142517, 166, 31);
insert into coordenada (latitud, longitud, orden, ubicable_id) values (-58.4438275410444, -34.5704716902338, 167, 31);
insert into coordenada (latitud, longitud, orden, ubicable_id) values (-58.4436397049603, -34.570563848, 168, 31);


insert into coordenada (latitud, longitud, orden, ubicable_id) values (-58.4436397049603, -34.570563848, 168, 79);



insert into coordenada (latitud, longitud, orden, ubicable_id) values (-58.4119188098038, -34.5980030767748, 169, 32);
insert into coordenada (latitud, longitud, orden, ubicable_id) values (-58.4102941229985, -34.5980927450953, 170, 32);
insert into coordenada (latitud, longitud, orden, ubicable_id) values (-58.4094280695594, -34.5980884262659, 171, 32);
insert into coordenada (latitud, longitud, orden, ubicable_id) values (-58.4087214511552, -34.5980785379013, 172, 32);
insert into coordenada (latitud, longitud, orden, ubicable_id) values (-58.4085767108762, -34.5980761273322, 173, 32);
insert into coordenada (latitud, longitud, orden, ubicable_id) values (-58.4081479472141, -34.5980689871789, 174, 32);
insert into coordenada (latitud, longitud, orden, ubicable_id) values (-58.4080567119894, -34.5980675, 175, 32);

insert into coordenada (latitud, longitud, orden, ubicable_id) values (-58.4080567119894, -34.5980675, 175, 80);


insert into coordenada (latitud, longitud, orden, ubicable_id) values (-58.4713995731534, -34.6190380529955, 176, 33);
insert into coordenada (latitud, longitud, orden, ubicable_id) values (-58.4716211588348, -34.6191552945294, 177, 33);
insert into coordenada (latitud, longitud, orden, ubicable_id) values (-58.4724609029701, -34.6181003341896, 178, 33);
insert into coordenada (latitud, longitud, orden, ubicable_id) values (-58.4732595720574, -34.6170968518157, 179, 33);
insert into coordenada (latitud, longitud, orden, ubicable_id) values (-58.4740585620779, -34.6160930827704, 180, 33);
insert into coordenada (latitud, longitud, orden, ubicable_id) values (-58.4748597480468, -34.6150864902062, 181, 33);
insert into coordenada (latitud, longitud, orden, ubicable_id) values (-58.4756607446043, -34.6140800, 182, 33);

insert into coordenada (latitud, longitud, orden, ubicable_id) values (-58.4756607446043, -34.6140800, 182, 81);



insert into coordenada (latitud, longitud, orden, ubicable_id) values (-58.4708152687488, -34.58744531424, 183, 34);
insert into coordenada (latitud, longitud, orden, ubicable_id) values (-58.470818721034, -34.587448263538, 184, 34);
insert into coordenada (latitud, longitud, orden, ubicable_id) values (-58.4708773629003, -34.5874968646287, 185, 34);
insert into coordenada (latitud, longitud, orden, ubicable_id) values (-58.4711162286522, -34.5876997059329, 186, 34);
insert into coordenada (latitud, longitud, orden, ubicable_id) values (-58.4712346909062, -34.5878023776804, 187, 34);
insert into coordenada (latitud, longitud, orden, ubicable_id) values (-58.4718934281322, -34.5883172801659, 188, 34);
insert into coordenada (latitud, longitud, orden, ubicable_id) values (-58.4721174082916, -34.58849234078, 189, 34);

insert into coordenada (latitud, longitud, orden, ubicable_id) values (-58.4721174082916, -34.58849234078, 189, 82);



insert into coordenada (latitud, longitud, orden, ubicable_id) values (-58.4771156675186, -34.5951149914833, 190, 35);
insert into coordenada (latitud, longitud, orden, ubicable_id) values (-58.4778797272718, -34.5970880858189, 191, 35);
insert into coordenada (latitud, longitud, orden, ubicable_id) values (-58.4783476898453, -34.5983425113242, 192, 35);
insert into coordenada (latitud, longitud, orden, ubicable_id) values (-58.4785798877833, -34.5989655336306, 193, 35);
insert into coordenada (latitud, longitud, orden, ubicable_id) values (-58.4788312666633, -34.5996709502012, 194, 35);
insert into coordenada (latitud, longitud, orden, ubicable_id) values (-58.4797472529919, -34.5992763036973, 195, 35);
insert into coordenada (latitud, longitud, orden, ubicable_id) values (-58.4807802385542, -34.5988312, 196, 35);

insert into coordenada (latitud, longitud, orden, ubicable_id) values (-58.4807802385542, -34.5988312, 196, 83);



insert into coordenada (latitud, longitud, orden, ubicable_id) values (-58.4605469510917, -34.5779429557773, 197, 36);
insert into coordenada (latitud, longitud, orden, ubicable_id) values (-58.4602248340306, -34.5782952880515, 198, 36);
insert into coordenada (latitud, longitud, orden, ubicable_id) values (-58.4605232166307, -34.5782946690354, 199, 36);
insert into coordenada (latitud, longitud, orden, ubicable_id) values (-58.4605276992685, -34.5782946601008, 200, 36);
insert into coordenada (latitud, longitud, orden, ubicable_id) values (-58.4605292809645, -34.5796668306049, 201, 36);
insert into coordenada (latitud, longitud, orden, ubicable_id) values (-58.4605306146065, -34.580772157502, 202, 36);
insert into coordenada (latitud, longitud, orden, ubicable_id) values (-58.460531948912, -34.581853258, 203, 36);

insert into coordenada (latitud, longitud, orden, ubicable_id) values (-58.460531948912, -34.581853258, 203, 84);



insert into coordenada (latitud, longitud, orden, ubicable_id) values (-58.3703353711449, -34.6329258371189, 204, 37);
insert into coordenada (latitud, longitud, orden, ubicable_id) values (-58.3702790499524, -34.6333891190073, 205, 37);
insert into coordenada (latitud, longitud, orden, ubicable_id) values (-58.3702477785503, -34.633621920425, 206, 37);
insert into coordenada (latitud, longitud, orden, ubicable_id) values (-58.3702300809631, -34.6337531085496, 207, 37);
insert into coordenada (latitud, longitud, orden, ubicable_id) values (-58.3701058981094, -34.6345579692197, 208, 37);
insert into coordenada (latitud, longitud, orden, ubicable_id) values (-58.3699505594135, -34.6355646440993, 209, 37);
insert into coordenada (latitud, longitud, orden, ubicable_id) values (-58.3699176031895, -34.63577807, 210, 37);

insert into coordenada (latitud, longitud, orden, ubicable_id) values (-58.3699176031895, -34.63577807, 210, 85);



insert into coordenada (latitud, longitud, orden, ubicable_id) values (-58.4703750499015, -34.6387869543278, 211, 38);
insert into coordenada (latitud, longitud, orden, ubicable_id) values (-58.4700102474921, -34.6396298791299, 212, 38);
insert into coordenada (latitud, longitud, orden, ubicable_id) values (-58.4699710751696, -34.6397203893669, 213, 38);
insert into coordenada (latitud, longitud, orden, ubicable_id) values (-58.4699054776673, -34.6398713136672, 214, 38);
insert into coordenada (latitud, longitud, orden, ubicable_id) values (-58.4692929360433, -34.6412804773635, 215, 38);
insert into coordenada (latitud, longitud, orden, ubicable_id) values (-58.4692423304431, -34.6413968925516, 216, 38);
insert into coordenada (latitud, longitud, orden, ubicable_id) values (-58.4679898002072, -34.6424171, 217, 38);

insert into coordenada (latitud, longitud, orden, ubicable_id) values (-58.4679898002072, -34.6424171, 217, 86);



insert into coordenada (latitud, longitud, orden, ubicable_id) values (-58.4323444043321, -34.641741258315, 218, 39);
insert into coordenada (latitud, longitud, orden, ubicable_id) values (-58.4323061123822, -34.6422963373072, 219, 39);
insert into coordenada (latitud, longitud, orden, ubicable_id) values (-58.4322527733283, -34.6429862042994, 220, 39);
insert into coordenada (latitud, longitud, orden, ubicable_id) values (-58.4322161620005, -34.6436041019764, 221, 39);
insert into coordenada (latitud, longitud, orden, ubicable_id) values (-58.4321749555529, -34.6442022795077, 222, 39);
insert into coordenada (latitud, longitud, orden, ubicable_id) values (-58.4321075387748, -34.6451637003841, 223, 39);
insert into coordenada (latitud, longitud, orden, ubicable_id) values (-58.4326181247605, -34.64521601, 224, 39);

insert into coordenada (latitud, longitud, orden, ubicable_id) values (-58.4326181247605, -34.64521601, 224, 87);



insert into coordenada (latitud, longitud, orden, ubicable_id) values (-58.4122089488942, -34.6481348798167, 225, 40);
insert into coordenada (latitud, longitud, orden, ubicable_id) values (-58.4121005396964, -34.648582880896, 226, 40);
insert into coordenada (latitud, longitud, orden, ubicable_id) values (-58.4103697298525, -34.648302987509, 227, 40);
insert into coordenada (latitud, longitud, orden, ubicable_id) values (-58.40900804438, -34.6480827670552, 228, 40);
insert into coordenada (latitud, longitud, orden, ubicable_id) values (-58.4063661083368, -34.6476554493809, 229, 40);
insert into coordenada (latitud, longitud, orden, ubicable_id) values (-58.4050003552438, -34.6474345233341, 230, 40);
insert into coordenada (latitud, longitud, orden, ubicable_id) values (-58.4050002156404, -34.64743450073, 231, 40);

insert into coordenada (latitud, longitud, orden, ubicable_id) values (-58.4050002156404, -34.64743450073, 231, 88);



insert into coordenada (latitud, longitud, orden, ubicable_id) values (-58.4267593172764, -34.5520233734028, 232, 41);
insert into coordenada (latitud, longitud, orden, ubicable_id) values (-58.4267582450064, -34.5520237796411, 233, 41);
insert into coordenada (latitud, longitud, orden, ubicable_id) values (-58.4262460873591, -34.5519014641957, 234, 41);
insert into coordenada (latitud, longitud, orden, ubicable_id) values (-58.4254284051449, -34.5521980413913, 235, 41);
insert into coordenada (latitud, longitud, orden, ubicable_id) values (-58.424859964155, -34.5523988114711, 236, 41);
insert into coordenada (latitud, longitud, orden, ubicable_id) values (-58.4245382582567, -34.5525124346694, 237, 41);
insert into coordenada (latitud, longitud, orden, ubicable_id) values (-58.4244180806301, -34.55256439, 238, 41);

insert into coordenada (latitud, longitud, orden, ubicable_id) values (-58.4244180806301, -34.55256439, 238, 89);



insert into coordenada (latitud, longitud, orden, ubicable_id) values (-58.4497832682116, -34.6806103119189, 239, 42);
insert into coordenada (latitud, longitud, orden, ubicable_id) values (-58.4445113509609, -34.6847620611618, 240, 42);
insert into coordenada (latitud, longitud, orden, ubicable_id) values (-58.4443934827679, -34.6848548737253, 241, 42);
insert into coordenada (latitud, longitud, orden, ubicable_id) values (-58.4442953183736, -34.6849321782368, 242, 42);
insert into coordenada (latitud, longitud, orden, ubicable_id) values (-58.4444843539744, -34.6851566375684, 243, 42);
insert into coordenada (latitud, longitud, orden, ubicable_id) values (-58.4512437680097, -34.6931817280434, 244, 42);
insert into coordenada (latitud, longitud, orden, ubicable_id) values (-58.457977934298, -34.70109398, 245, 42);

insert into coordenada (latitud, longitud, orden, ubicable_id) values (-58.457977934298, -34.70109398, 245, 90);



insert into coordenada (latitud, longitud, orden, ubicable_id) values (-58.4491320831847, -34.6511657755509, 246, 43);
insert into coordenada (latitud, longitud, orden, ubicable_id) values (-58.4488281662361, -34.6511751009604, 247, 43);
insert into coordenada (latitud, longitud, orden, ubicable_id) values (-58.4476667033567, -34.6511257701669, 248, 43);
insert into coordenada (latitud, longitud, orden, ubicable_id) values (-58.4449506641172, -34.6510103674884, 249, 43);
insert into coordenada (latitud, longitud, orden, ubicable_id) values (-58.4446201936827, -34.6509480640024, 250, 43);
insert into coordenada (latitud, longitud, orden, ubicable_id) values (-58.4444061793929, -34.6510657117778, 251, 43);
insert into coordenada (latitud, longitud, orden, ubicable_id) values (-58.4435214818532, -34.6511672, 252, 43);


insert into coordenada (latitud, longitud, orden, ubicable_id) values (-58.457977934298, -34.70109398, 245, 91);


insert into coordenada (latitud, longitud, orden, ubicable_id) values (-58.5033113250844, -34.5938561595895, 253, 44);
insert into coordenada (latitud, longitud, orden, ubicable_id) values (-58.5034718173482, -34.5939535746883, 254, 44);
insert into coordenada (latitud, longitud, orden, ubicable_id) values (-58.5041168221323, -34.593241569281, 255, 44);
insert into coordenada (latitud, longitud, orden, ubicable_id) values (-58.5047686260201, -34.5925219516572, 256, 44);
insert into coordenada (latitud, longitud, orden, ubicable_id) values (-58.5052848344051, -34.5919521023247, 257, 44);
insert into coordenada (latitud, longitud, orden, ubicable_id) values (-58.5054222902166, -34.5918000762097, 258, 44);
insert into coordenada (latitud, longitud, orden, ubicable_id) values (-58.5060719423589, -34.59108179, 259, 44);

insert into coordenada (latitud, longitud, orden, ubicable_id) values (-58.5060719423589, -34.59108179, 259, 92);



insert into coordenada (latitud, longitud, orden, ubicable_id) values (-58.5083084424563, -34.6139197264499, 260, 45);
insert into coordenada (latitud, longitud, orden, ubicable_id) values (-58.5084676997279, -34.6140122763348, 261, 45);
insert into coordenada (latitud, longitud, orden, ubicable_id) values (-58.5087249471426, -34.6141601420562, 262, 45);
insert into coordenada (latitud, longitud, orden, ubicable_id) values (-58.5087545745171, -34.6141771744171, 263, 45);
insert into coordenada (latitud, longitud, orden, ubicable_id) values (-58.5088477354785, -34.6142307325741, 264, 45);
insert into coordenada (latitud, longitud, orden, ubicable_id) values (-58.509056159093, -34.6143517846646, 265, 45);
insert into coordenada (latitud, longitud, orden, ubicable_id) values (-58.5092058744191, -34.61443877, 266, 45);

insert into coordenada (latitud, longitud, orden, ubicable_id) values (-58.5092058744191, -34.61443877, 266, 93);



insert into coordenada (latitud, longitud, orden, ubicable_id) values (-58.5192540532325, -34.6330100952683, 267, 46);
insert into coordenada (latitud, longitud, orden, ubicable_id) values (-58.5190825434544, -34.6330117936551, 268, 46);
insert into coordenada (latitud, longitud, orden, ubicable_id) values (-58.5190813765063, -34.6330117617428, 269, 46);
insert into coordenada (latitud, longitud, orden, ubicable_id) values (-58.5188882730454, -34.6329971646261, 270, 46);
insert into coordenada (latitud, longitud, orden, ubicable_id) values (-58.5188028054998, -34.6329979602755, 271, 46);
insert into coordenada (latitud, longitud, orden, ubicable_id) values (-58.5187191341357, -34.6329987397156, 272, 46);
insert into coordenada (latitud, longitud, orden, ubicable_id) values (-58.5185225442665, -34.6330005, 273, 46);

insert into coordenada (latitud, longitud, orden, ubicable_id) values (-58.5185225442665, -34.6330005, 273, 94);



insert into coordenada (latitud, longitud, orden, ubicable_id) values (-58.5110429614335, -34.6325601604467, 274, 47);
insert into coordenada (latitud, longitud, orden, ubicable_id) values (-58.5101047916101, -34.6332813969644, 275, 47);
insert into coordenada (latitud, longitud, orden, ubicable_id) values (-58.5092044200265, -34.6339735972002, 276, 47);
insert into coordenada (latitud, longitud, orden, ubicable_id) values (-58.5090868050165, -34.6340647016372, 277, 47);
insert into coordenada (latitud, longitud, orden, ubicable_id) values (-58.508681496779, -34.6343788087878, 278, 47);
insert into coordenada (latitud, longitud, orden, ubicable_id) values (-58.5083883479252, -34.6345994187548, 279, 47);
insert into coordenada (latitud, longitud, orden, ubicable_id) values (-58.508763610993, -34.634646039, 280, 47);

insert into coordenada (latitud, longitud, orden, ubicable_id) values (-58.508763610993, -34.634646039, 280, 95);



insert into coordenada (latitud, longitud, orden, ubicable_id) values (-58.3573208786149, -34.5950920711815, 281, 48);
insert into coordenada (latitud, longitud, orden, ubicable_id) values (-58.3572939156262, -34.5951055875714, 282, 48);
insert into coordenada (latitud, longitud, orden, ubicable_id) values (-58.3572938524091, -34.5951055812067, 283, 48);
insert into coordenada (latitud, longitud, orden, ubicable_id) values (-58.3572278192639, -34.5951382672722, 284, 48);
insert into coordenada (latitud, longitud, orden, ubicable_id) values (-58.3570869826363, -34.5951428041221, 285, 48);
insert into coordenada (latitud, longitud, orden, ubicable_id) values (-58.3569742773866, -34.5951753144314, 286, 48);
insert into coordenada (latitud, longitud, orden, ubicable_id) values (-58.3568728026777, -34.5952357, 287, 48);

insert into coordenada (latitud, longitud, orden, ubicable_id) values (-58.3568728026777, -34.5952357, 287, 96);



insert into coordenada (latitud, longitud, orden, ubicable_id) values (-58.3687995836552, -34.6068264253902, 288, 49);
insert into coordenada (latitud, longitud, orden, ubicable_id) values (-58.3681481982164, -34.6069642404356, 289, 49);
insert into coordenada (latitud, longitud, orden, ubicable_id) values (-58.367725984598, -34.6069011198967, 290, 49);
insert into coordenada (latitud, longitud, orden, ubicable_id) values (-58.3677246024109, -34.6069133549885, 291, 49);
insert into coordenada (latitud, longitud, orden, ubicable_id) values (-58.3676391138686, -34.6076636546245, 292, 49);
insert into coordenada (latitud, longitud, orden, ubicable_id) values (-58.3676179507286, -34.6078493963659, 293, 49);
insert into coordenada (latitud, longitud, orden, ubicable_id) values (-58.3672591297974, -34.61099849, 294, 49);

insert into coordenada (latitud, longitud, orden, ubicable_id) values (-58.3672591297974, -34.61099849, 294, 97);



insert into coordenada (latitud, longitud, orden, ubicable_id) values (-58.3679211193596, -34.6051742887552, 295, 50);
insert into coordenada (latitud, longitud, orden, ubicable_id) values (-58.367725984598, -34.6069011198967, 296, 50);
insert into coordenada (latitud, longitud, orden, ubicable_id) values (-58.3681481982164, -34.6069642404356, 297, 50);
insert into coordenada (latitud, longitud, orden, ubicable_id) values (-58.3687995836552, -34.6068264253902, 298, 50);
insert into coordenada (latitud, longitud, orden, ubicable_id) values (-58.3692197189011, -34.6067375341346, 299, 50);
insert into coordenada (latitud, longitud, orden, ubicable_id) values (-58.3692507962637, -34.6065895917104, 300, 50);
insert into coordenada (latitud, longitud, orden, ubicable_id) values (-58.3693658551563, -34.60652390, 301, 50);

insert into coordenada (latitud, longitud, orden, ubicable_id) values (-58.3693658551563, -34.60652390, 301, 98);



insert into coordenada (latitud, longitud, orden, ubicable_id) values (-58.4515941108325, -34.5315273335599, 302, 51);
insert into coordenada (latitud, longitud, orden, ubicable_id) values (-58.4515220744991, -34.5315943851849, 303, 51);
insert into coordenada (latitud, longitud, orden, ubicable_id) values (-58.4515220505325, -34.5315944068176, 304, 51);
insert into coordenada (latitud, longitud, orden, ubicable_id) values (-58.4514719632248, -34.5316577329106, 305, 51);
insert into coordenada (latitud, longitud, orden, ubicable_id) values (-58.4514719196506, -34.5316577608516, 306, 51);
insert into coordenada (latitud, longitud, orden, ubicable_id) values (-58.451422882668, -34.531686164727, 307, 51);
insert into coordenada (latitud, longitud, orden, ubicable_id) values (-58.4512807613204, -34.531860012, 308, 51);

insert into coordenada (latitud, longitud, orden, ubicable_id) values (-58.4512807613204, -34.531860012, 308, 99);



insert into coordenada (latitud, longitud, orden, ubicable_id) values (-58.3952057970513, -34.5721906912083, 309, 52);
insert into coordenada (latitud, longitud, orden, ubicable_id) values (-58.3948202721204, -34.5723094260537, 310, 52);
insert into coordenada (latitud, longitud, orden, ubicable_id) values (-58.394323494966, -34.5722904861361, 311, 52);
insert into coordenada (latitud, longitud, orden, ubicable_id) values (-58.3943190477818, -34.5722901726458, 312, 52);
insert into coordenada (latitud, longitud, orden, ubicable_id) values (-58.3933109381779, -34.5722190646259, 313, 52);
insert into coordenada (latitud, longitud, orden, ubicable_id) values (-58.3932083120456, -34.5722118253188, 314, 52);
insert into coordenada (latitud, longitud, orden, ubicable_id) values (-58.3927996372665, -34.57223517, 315, 52);

insert into coordenada (latitud, longitud, orden, ubicable_id) values (-58.3927996372665, -34.57223517, 315, 100);



insert into coordenada (latitud, longitud, orden, ubicable_id) values (-58.3742728981345, -34.5787043103248, 316, 53);
insert into coordenada (latitud, longitud, orden, ubicable_id) values (-58.3742726027757, -34.5787043128152, 317, 53);
insert into coordenada (latitud, longitud, orden, ubicable_id) values (-58.3742640386866, -34.5787031401395, 318, 53);
insert into coordenada (latitud, longitud, orden, ubicable_id) values (-58.3742492114012, -34.5787026967015, 319, 53);
insert into coordenada (latitud, longitud, orden, ubicable_id) values (-58.3742482174651, -34.5787026680364, 320, 53);
insert into coordenada (latitud, longitud, orden, ubicable_id) values (-58.3742282743458, -34.5787011571824, 321, 53);
insert into coordenada (latitud, longitud, orden, ubicable_id) values (-58.3680091541883, -34.5782103, 322, 53);

insert into coordenada (latitud, longitud, orden, ubicable_id) values (-58.3680091541883, -34.5782103, 322, 101);



insert into coordenada (latitud, longitud, orden, ubicable_id) values (-58.4566549786532, -34.5275529914205, 323, 54);
insert into coordenada (latitud, longitud, orden, ubicable_id) values (-58.4566332017127, -34.5275582728595, 324, 54);
insert into coordenada (latitud, longitud, orden, ubicable_id) values (-58.4565364901919, -34.527581729252, 325, 54);
insert into coordenada (latitud, longitud, orden, ubicable_id) values (-58.4564878267039, -34.5275935313231, 326, 54);
insert into coordenada (latitud, longitud, orden, ubicable_id) values (-58.4564877885808, -34.5275935421386, 327, 54);
insert into coordenada (latitud, longitud, orden, ubicable_id) values (-58.456366785757, -34.5276269158539, 328, 54);
insert into coordenada (latitud, longitud, orden, ubicable_id) values (-58.45627168191, -34.52764837720, 329, 54);

insert into coordenada (latitud, longitud, orden, ubicable_id) values (-58.45627168191, -34.52764837720, 329, 102);



insert into coordenada (latitud, longitud, orden, ubicable_id) values (-58.3552004576535, -34.6194307028365, 330, 55);
insert into coordenada (latitud, longitud, orden, ubicable_id) values (-58.3551397746524, -34.619550451567, 331, 55);
insert into coordenada (latitud, longitud, orden, ubicable_id) values (-58.3542493044198, -34.6194639606184, 332, 55);
insert into coordenada (latitud, longitud, orden, ubicable_id) values (-58.3540734427267, -34.6197013641177, 333, 55);
insert into coordenada (latitud, longitud, orden, ubicable_id) values (-58.3539132658717, -34.6196160200227, 334, 55);
insert into coordenada (latitud, longitud, orden, ubicable_id) values (-58.3535172349724, -34.619405007003, 335, 55);
insert into coordenada (latitud, longitud, orden, ubicable_id) values (-58.3530849547986, -34.619537121, 336, 55);

insert into coordenada (latitud, longitud, orden, ubicable_id) values (-58.3530849547986, -34.619537121, 336, 103);



--zonas
insert into zona_geografica (ubicable_id) values (8);
insert into zona_geografica (ubicable_id) values (9);
insert into zona_geografica (ubicable_id) values (10);
insert into zona_geografica (ubicable_id) values (11);
insert into zona_geografica (ubicable_id) values (12);
insert into zona_geografica (ubicable_id) values (13);
insert into zona_geografica (ubicable_id) values (14);
insert into zona_geografica (ubicable_id) values (15);
insert into zona_geografica (ubicable_id) values (16);
insert into zona_geografica (ubicable_id) values (17);
insert into zona_geografica (ubicable_id) values (18);
insert into zona_geografica (ubicable_id) values (19);
insert into zona_geografica (ubicable_id) values (20);
insert into zona_geografica (ubicable_id) values (21);
insert into zona_geografica (ubicable_id) values (22);
insert into zona_geografica (ubicable_id) values (23);
insert into zona_geografica (ubicable_id) values (24);
insert into zona_geografica (ubicable_id) values (25);
insert into zona_geografica (ubicable_id) values (26);
insert into zona_geografica (ubicable_id) values (27);
insert into zona_geografica (ubicable_id) values (28);
insert into zona_geografica (ubicable_id) values (29);
insert into zona_geografica (ubicable_id) values (30);
insert into zona_geografica (ubicable_id) values (31);
insert into zona_geografica (ubicable_id) values (32);
insert into zona_geografica (ubicable_id) values (33);
insert into zona_geografica (ubicable_id) values (34);
insert into zona_geografica (ubicable_id) values (35);
insert into zona_geografica (ubicable_id) values (36);
insert into zona_geografica (ubicable_id) values (37);
insert into zona_geografica (ubicable_id) values (38);
insert into zona_geografica (ubicable_id) values (39);
insert into zona_geografica (ubicable_id) values (40);
insert into zona_geografica (ubicable_id) values (41);
insert into zona_geografica (ubicable_id) values (42);
insert into zona_geografica (ubicable_id) values (43);
insert into zona_geografica (ubicable_id) values (44);
insert into zona_geografica (ubicable_id) values (45);
insert into zona_geografica (ubicable_id) values (46);
insert into zona_geografica (ubicable_id) values (47);
insert into zona_geografica (ubicable_id) values (48);
insert into zona_geografica (ubicable_id) values (49);
insert into zona_geografica (ubicable_id) values (50);
insert into zona_geografica (ubicable_id) values (51);
insert into zona_geografica (ubicable_id) values (52);
insert into zona_geografica (ubicable_id) values (53);
insert into zona_geografica (ubicable_id) values (54);
insert into zona_geografica (ubicable_id) values (55);

--trafos
insert into transformador (ubicable_id, zonaAsignada_id) values (4, 45);
insert into transformador (ubicable_id, zonaAsignada_id) values (5, 45);
insert into transformador (ubicable_id, zonaAsignada_id) values (6, 42);
insert into transformador (ubicable_id, zonaAsignada_id) values (7, 5);

--maaaas trafos
insert into transformador (ubicable_id, zonaAsignada_id) values (56, 8);
insert into transformador (ubicable_id, zonaAsignada_id) values (57, 9);
insert into transformador (ubicable_id, zonaAsignada_id) values (58, 10);
insert into transformador (ubicable_id, zonaAsignada_id) values (59, 11);
insert into transformador (ubicable_id, zonaAsignada_id) values (60, 12);
insert into transformador (ubicable_id, zonaAsignada_id) values (61, 13);
insert into transformador (ubicable_id, zonaAsignada_id) values (62, 14);
insert into transformador (ubicable_id, zonaAsignada_id) values (63, 15);
insert into transformador (ubicable_id, zonaAsignada_id) values (64, 16);
insert into transformador (ubicable_id, zonaAsignada_id) values (65, 17);
insert into transformador (ubicable_id, zonaAsignada_id) values (66, 18);
insert into transformador (ubicable_id, zonaAsignada_id) values (67, 19);
insert into transformador (ubicable_id, zonaAsignada_id) values (68, 20);
insert into transformador (ubicable_id, zonaAsignada_id) values (69, 21);
insert into transformador (ubicable_id, zonaAsignada_id) values (70, 22);
insert into transformador (ubicable_id, zonaAsignada_id) values (71, 23);
insert into transformador (ubicable_id, zonaAsignada_id) values (72, 24);
insert into transformador (ubicable_id, zonaAsignada_id) values (73, 25);
insert into transformador (ubicable_id, zonaAsignada_id) values (74, 26);
insert into transformador (ubicable_id, zonaAsignada_id) values (75, 27);
insert into transformador (ubicable_id, zonaAsignada_id) values (76, 28);
insert into transformador (ubicable_id, zonaAsignada_id) values (77, 29);
insert into transformador (ubicable_id, zonaAsignada_id) values (78, 30);
insert into transformador (ubicable_id, zonaAsignada_id) values (79, 31);
insert into transformador (ubicable_id, zonaAsignada_id) values (80, 32);
insert into transformador (ubicable_id, zonaAsignada_id) values (81, 33);
insert into transformador (ubicable_id, zonaAsignada_id) values (82, 34);
insert into transformador (ubicable_id, zonaAsignada_id) values (83, 35);
insert into transformador (ubicable_id, zonaAsignada_id) values (84, 36);
insert into transformador (ubicable_id, zonaAsignada_id) values (85, 37);
insert into transformador (ubicable_id, zonaAsignada_id) values (86, 38);
insert into transformador (ubicable_id, zonaAsignada_id) values (87, 39);
insert into transformador (ubicable_id, zonaAsignada_id) values (88, 40);
insert into transformador (ubicable_id, zonaAsignada_id) values (89, 41);
insert into transformador (ubicable_id, zonaAsignada_id) values (90, 42);
insert into transformador (ubicable_id, zonaAsignada_id) values (91, 43);
insert into transformador (ubicable_id, zonaAsignada_id) values (92, 44);
insert into transformador (ubicable_id, zonaAsignada_id) values (93, 45);
insert into transformador (ubicable_id, zonaAsignada_id) values (94, 46);
insert into transformador (ubicable_id, zonaAsignada_id) values (95, 47);
insert into transformador (ubicable_id, zonaAsignada_id) values (96, 48);
insert into transformador (ubicable_id, zonaAsignada_id) values (97, 49);
insert into transformador (ubicable_id, zonaAsignada_id) values (98, 50);
insert into transformador (ubicable_id, zonaAsignada_id) values (99, 51);
insert into transformador (ubicable_id, zonaAsignada_id) values (100, 52);
insert into transformador (ubicable_id, zonaAsignada_id) values (101, 53);
insert into transformador (ubicable_id, zonaAsignada_id) values (102, 54);
insert into transformador (ubicable_id, zonaAsignada_id) values (103, 55);





INSERT INTO usuario (tipo_usuario, apellido, nombre, domicilio, username, password) VALUES ("administrador", "Zanetti", "Paula", "Huergo 201, Buenos Aires", "pzanetti", "123456");
INSERT INTO usuario (tipo_usuario, apellido, nombre, domicilio, username, password) VALUES ("administrador", "Escobar", "Ezequiel", "Triunvirato 3001, Villa Ortzar, Buenos Aires", "eescobar", "123456");
INSERT INTO usuario (tipo_usuario, apellido, nombre, domicilio, username, password) VALUES ("administrador", "Rojas", "Miguel", "Bauness 303, Paternal, Buenos Aires", "mrojas", "123456");


INSERT INTO usuario (tipo_usuario, apellido, nombre, domicilio, username, password, transformador_id, ubicable_id) VALUES ("cliente", "Medina", "Pablo", "Av. Callao 1401, Recoleta, Buenos Aires", "pmedina", "123456", 1);
INSERT INTO usuario (tipo_usuario, apellido, nombre, domicilio, username, password, transformador_id, ubicable_id) VALUES ("cliente", "Volpe", "Romina", "Av. Belgrano 750, Monserrat, Buenos Aires", "rvolpe", "123456", 2);
INSERT INTO usuario (tipo_usuario, apellido, nombre, domicilio, username, password, transformador_id, ubicable_id) VALUES ("cliente", "Monte", "Diana", "Bulnes 95, Almagro, Buenos Aires", "dmonte", "123456", 3);




-- pmedina
INSERT INTO dispositivo (tipo, activado, fecha_alta, cliente_id, dispositivoDetalle_id) VALUES ("inteligente", 1, CURRENT_TIMESTAMP(), 4, 1);

-- ADAPTADOOOOO

INSERT INTO dispositivo (tipo, activado, fecha_alta, cliente_id, dispositivoDetalle_id) VALUES ("inteligente", 1, CURRENT_TIMESTAMP(), 4, 9);

-- rvolpe
INSERT INTO dispositivo (tipo, activado, fecha_alta, cliente_id, dispositivoDetalle_id) VALUES ("estandar", 1, CURRENT_TIMESTAMP(), 5, 23);
INSERT INTO dispositivo (tipo, activado, fecha_alta, cliente_id, dispositivoDetalle_id) VALUES ("inteligente", 1, CURRENT_TIMESTAMP(), 5, 2);
INSERT INTO dispositivo (tipo, activado, fecha_alta, cliente_id, dispositivoDetalle_id) VALUES ("inteligente", 1, CURRENT_TIMESTAMP(), 5, 19);
INSERT INTO dispositivo (tipo, activado, fecha_alta, cliente_id, dispositivoDetalle_id) VALUES ("inteligente", 1, CURRENT_TIMESTAMP(), 5, 8);

--dmonte
INSERT INTO dispositivo (tipo, activado, fecha_alta, cliente_id, dispositivoDetalle_id) VALUES ("inteligente", 1, CURRENT_TIMESTAMP(), 6, 10);
INSERT INTO dispositivo (tipo, activado, fecha_alta, cliente_id, dispositivoDetalle_id) VALUES ("estandar", 1, CURRENT_TIMESTAMP(), 6, 23);
INSERT INTO dispositivo (tipo, activado, fecha_alta, cliente_id, dispositivoDetalle_id) VALUES ("estandar", 1, CURRENT_TIMESTAMP(), 6, 5);
INSERT INTO dispositivo (tipo, activado, fecha_alta, cliente_id, dispositivoDetalle_id) VALUES ("inteligente", 1, CURRENT_TIMESTAMP(), 6, 18);
INSERT INTO dispositivo (tipo, activado, fecha_alta, cliente_id, dispositivoDetalle_id) VALUES ("inteligente", 1, CURRENT_TIMESTAMP(), 6, 12);



